image_path,plate_text
img/HZS6925.jpg,HZS6925
img/T755960C.jpg,T755960C
img/T115631C.jpg,T115631C
img/T750774C.jpg,T750774C
img/Y202787C.jpg,Y202787C
img/27091ME.jpg,27091ME
img/T46UKZ.jpg,T46UKZ
img/T115518C.jpg,T115518C
img/T127193C.jpg,T127193C
img/KLM2833.jpg,KLM2833
img/K99LMM.jpg,K99LMM
img/T101330C.jpg,T101330C
img/KWZ6960.jpg,KWZ6960
img/KLP5380.jpg,KLP5380
img/T637993C.jpg,T637993C
img/T775302C.jpg,T775302C
img/3P72D.jpg,3P72D
img/29814MJ.jpg,29814MJ
img/JRF4847.jpg,JRF4847
img/T747620C_.jpg,T747620C
img/KXZ8993.jpg,KXZ8993
img/T696789C.jpg,T696789C
img/T755560C.jpg,T755560C
img/KKC1461.jpg,KKC1461
img/KGA2816.jpg,KGA2816
img/KXP9152.jpg,KXP9152
img/C61NJZ.jpg,C61NJZ
img/HJP2092.jpg,HJP2092
img/EDY1578.jpg,EDY1578
img/29157MN.jpg,29157MN
img/T804506C.jpg,T804506C
img/XMPT31.jpg,XMPT31
img/KSJ3215.jpg,KSJ3215
img/9120.jpg,9120
img/Y103815C.jpg,Y103815C
img/T799948C.jpg,T799948C
img/44275MH.jpg,44275MH
img/KBT2216.jpg,KBT2216
img/8B85H.jpg,8B85H
img/T712878C.jpg,T712878C
img/JKJ3834.jpg,JKJ3834
img/KPD6816.jpg,KPD6816
img/KNR6714_.jpg,KNR6714
img/Y206484C_.jpg,Y206484C
img/3483MH.jpg,3483MH
img/6D48H.jpg,6D48H
img/KTL1998.jpg,KTL1998
img/T737798C.jpg,T737798C
img/T717791C.jpg,T717791C
img/E14RTZ.jpg,E14RTZ
img/Y206750C.jpg,Y206750C
img/T783954C.jpg,T783954C
img/JET2774.jpg,JET2774
img/KYL3253.jpg,KYL3253
img/528416.jpg,528416
img/KDU3546.jpg,KDU3546
img/9H34A.jpg,9H34A
img/KHV6612.jpg,KHV6612
img/KDC3042.jpg,KDC3042
img/T408446C.jpg,T408446C
img/T737350C.jpg,T737350C
img/T726541C.jpg,T726541C
img/5AVAD0.jpg,5AVAD0
img/Y102731C.jpg,Y102731C
img/Z29GZP.jpg,Z29GZP
img/KLD7397.jpg,KLD7397
img/E25RTP.jpg,E25RTP
img/T105955C.jpg,T105955C
img/KZK8465.jpg,KZK8465
img/KYD7409.jpg,KYD7409
img/S90AMN.jpg,S90AMN
img/KZR5761.jpg,KZR5761
img/JLF3849.jpg,JLF3849
img/6EH6076.jpg,6EH6076
img/T684744C_.jpg,T684744C
img/T698959C.jpg,T698959C
img/T792365C.jpg,T792365C
img/48957MM.jpg,48957MM
img/2A0D34M.jpg,2A0D34M
img/KNB5409.jpg,KNB5409
img/69089MB.jpg,69089MB
img/A87NMX.jpg,A87NMX
img/KZM3429.jpg,KZM3429
img/T685111C.jpg,T685111C
img/EJK4311.jpg,EJK4311
img/HFA7226.jpg,HFA7226
img/T691386C.jpg,T691386C
img/T796371C.jpg,T796371C
img/AT242Z.jpg,AT242Z
img/KDS2796.jpg,KDS2796
img/T719644C.jpg,T719644C
img/50322ML.jpg,50322ML
img/T678035C.jpg,T678035C
img/KYR5716_.jpg,KYR5716
img/7D51A.jpg,7D51A
img/71284MD.jpg,71284MD
img/KEW3046.jpg,KEW3046
img/KHA4101.jpg,KHA4101
img/AX451X.jpg,AX451X
img/JMN1268.jpg,JMN1268
img/T759471C.jpg,T759471C
img/JJJ8433.jpg,JJJ8433
img/KZR8318.jpg,KZR8318
img/T787409C.jpg,T787409C
img/CJP9923.jpg,CJP9923
img/131004.jpg,131004
img/KYD5357.jpg,KYD5357
img/T108873C.jpg,T108873C
img/KXD8934.jpg,KXD8934
img/KYN9888.jpg,KYN9888
img/11209MJ.jpg,11209MJ
img/Y102988C.jpg,Y102988C
img/T725984C.jpg,T725984C
img/GDK6607.jpg,GDK6607
img/JCW7024.jpg,JCW7024
img/HHJ7506.jpg,HHJ7506
img/KWR3767.jpg,KWR3767
img/T724415C.jpg,T724415C
img/T670829C.jpg,T670829C
img/T804398C.jpg,T804398C
img/T759060C.jpg,T759060C
img/Y48MPD.jpg,Y48MPD
img/KNM8156.jpg,KNM8156
img/T802269C_.jpg,T802269C
img/KYA3529.jpg,KYA3529
img/KEP2046.jpg,KEP2046
img/XEAF44.jpg,XEAF44
img/Y208606C.jpg,Y208606C
img/T106968C.jpg,T106968C
img/T102182C.jpg,T102182C
img/LFY2472.jpg,LFY2472
img/DNZ9453.jpg,DNZ9453
img/T524518C.jpg,T524518C
img/GDX7404.jpg,GDX7404
img/7V40A.jpg,7V40A
img/29177ML.jpg,29177ML
img/LSV8730.jpg,LSV8730
img/LHT1025.jpg,LHT1025
img/T800335C.jpg,T800335C
img/KVT3901.jpg,KVT3901
img/Y207662C.jpg,Y207662C
img/T112643C.jpg,T112643C
img/T677482C.jpg,T677482C
img/JHN6333.jpg,JHN6333
img/785715.jpg,785715
img/KUY5509.jpg,KUY5509
img/HZG5793.jpg,HZG5793
img/KKX7082.jpg,KKX7082
img/KTC1098.jpg,KTC1098
img/T767037C.jpg,T767037C
img/9T24A.jpg,9T24A
img/KGA5164.jpg,KGA5164
img/T770967C.jpg,T770967C
img/Y102024C.jpg,Y102024C
img/T708756C.jpg,T708756C
img/T789504C.jpg,T789504C
img/T785527C.jpg,T785527C
img/Y208684C.jpg,Y208684C
img/KZZ1707.jpg,KZZ1707
img/T743905C.jpg,T743905C
img/FGX6298.jpg,FGX6298
img/JFX2471.jpg,JFX2471
img/T652430C.jpg,T652430C
img/HTE1017.jpg,HTE1017
img/KFL8489.jpg,KFL8489
img/JBF3887.jpg,JBF3887
img/T773776C.jpg,T773776C
img/75211JG.jpg,75211JG
img/T664410C.jpg,T664410C
img/52967MD.jpg,52967MD
img/T730969C.jpg,T730969C
img/T752705C.jpg,T752705C
img/KNJ2238.jpg,KNJ2238
img/T707749C.jpg,T707749C
img/HFK5481.jpg,HFK5481
img/AU236U.jpg,AU236U
img/GCL4636.jpg,GCL4636
img/KDS8650.jpg,KDS8650
img/JME4763.jpg,JME4763
img/74307.jpg,74307
img/T764271C.jpg,T764271C
img/LFL4162.jpg,LFL4162
img/16328LY.jpg,16328LY
img/GXZ9383.jpg,GXZ9383
img/Y100189C.jpg,Y100189C
img/GNN5311.jpg,GNN5311
img/KFZ2729.jpg,KFZ2729
img/KDL2732.jpg,KDL2732
img/HBE5351.jpg,HBE5351
img/57755MJ.jpg,57755MJ
img/T751611C.jpg,T751611C
img/T10915C.jpg,T10915C
img/T762937C.jpg,T762937C
img/JTH2581.jpg,JTH2581
img/H83RSV.jpg,H83RSV
img/KFN5486.jpg,KFN5486
img/KZC9357.jpg,KZC9357
img/T646042C.jpg,T646042C
img/T641768C.jpg,T641768C
img/T106572C.jpg,T106572C
img/T778767C.jpg,T778767C
img/GMG9419.jpg,GMG9419
img/T111433C.jpg,T111433C
img/JFD1555.jpg,JFD1555
img/KGA1739.jpg,KGA1739
img/T734731C.jpg,T734731C
img/T523793C.jpg,T523793C
img/T112423C.jpg,T112423C
img/FPT2844.jpg,FPT2844
img/DGA9523.jpg,DGA9523
img/T108184C.jpg,T108184C
img/T756662C.jpg,T756662C
img/T642543C.jpg,T642543C
img/984818.jpg,984818
img/Y200778C.jpg,Y200778C
img/T510765C.jpg,T510765C
img/T602961C.jpg,T602961C
img/Y200447C.jpg,Y200447C
img/KBC6777.jpg,KBC6777
img/T759702C.jpg,T759702C
img/T729396C.jpg,T729396C
img/V61RMM.jpg,V61RMM
img/DWL5733.jpg,DWL5733
img/82334ND.jpg,82334ND
img/89353ML.jpg,89353ML
img/JJT9374.jpg,JJT9374
img/JLM7044.jpg,JLM7044
img/T711916C.jpg,T711916C
img/53259MC.jpg,53259MC
img/T799089C.jpg,T799089C
img/T708664C.jpg,T708664C
img/EMZ8555.jpg,EMZ8555
img/LMR9540.jpg,LMR9540
img/T760290C.jpg,T760290C
img/BXR4242.jpg,BXR4242
img/KYZ3626.jpg,KYZ3626
img/T121379C.jpg,T121379C
img/764516.jpg,764516
img/T117565C.jpg,T117565C
img/9ADXE7.jpg,9ADXE7
img/E25NLS_.jpg,E25NLS
img/67422MN.jpg,67422MN
img/T775929C.jpg,T775929C
img/HLT9384.jpg,HLT9384
img/KVC3999.jpg,KVC3999
img/T727166C.jpg,T727166C
img/T742965C.jpg,T742965C
img/T764504c.jpg,T764504C
img/CXL6901.jpg,CXL6901
img/KWX8455.jpg,KWX8455
img/T413179C.jpg,T413179C
img/R91NXX.jpg,R91NXX
img/HHM2809.jpg,HHM2809
img/KVM6083.jpg,KVM6083
img/T495378C.jpg,T495378C
img/JMR3095.jpg,JMR3095
img/GAX3124.jpg,GAX3124
img/T776755C.jpg,T776755C
img/XKSL56.jpg,XKSL56
img/LAS3032.jpg,LAS3032
img/46790MN.jpg,46790MN
img/KWF9881.jpg,KWF9881
img/JGS1914.jpg,JGS1914
img/JBD3361.jpg,JBD3361
img/JJZ1742.jpg,JJZ1742
img/T770455C.jpg,T770455C
img/KUX1146.jpg,KUX1146
img/FWJ5278.jpg,FWJ5278
img/HDU3763.jpg,HDU3763
img/KBB4762.jpg,KBB4762
img/KZY1758.jpg,KZY1758
img/T792322C.jpg,T792322C
img/KMU2720.jpg,KMU2720
img/T731144C.jpg,T731144C
img/403817.jpg,403817
img/888513.jpg,888513
img/T679634C.jpg,T679634C
img/T722857C.jpg,T722857C
img/LCZ9851.jpg,LCZ9851
img/KUP3863.jpg,KUP3863
img/JLE5633.jpg,JLE5633
img/T715698C.jpg,T715698C
img/JFH9834.jpg,JFH9834
img/T109589C.jpg,T109589C
img/JE4227.jpg,JE4227
img/XKRF46.jpg,XKRF46
img/T710422C.jpg,T710422C
img/JGZ9294.jpg,JGZ9294
img/T708268C.jpg,T708268C
img/T673444C.jpg,T673444C
img/XKAZ14.jpg,XKAZ14
img/T112500C.jpg,T112500C
img/KMX1829.jpg,KMX1829
img/7ST937.jpg,7ST937
img/ASW4790.jpg,ASW4790
img/ELN8494.jpg,ELN8494
img/T106001C.jpg,T106001C
img/T778644C.jpg,T778644C
img/T113444C.jpg,T113444C
img/69540ND_.jpg,69540ND
img/HMV7382.jpg,HMV7382
img/39217MJ.jpg,39217MJ
img/T755907C.jpg,T755907C
img/T805937C.jpg,T805937C
img/T678418C.jpg,T678418C
img/AFS6228.jpg,AFS6228
img/Y201820C.jpg,Y201820C
img/FZT6475.jpg,FZT6475
img/T773927C.jpg,T773927C
img/3650.jpg,3650
img/3136.jpg,3136
img/GXX9624.jpg,GXX9624
img/KLJ8051.jpg,KLJ8051
img/T781934C.jpg,T781934C
img/T785561C.jpg,T785561C
img/KFP3169.jpg,KFP3169
img/K83LMK.jpg,K83LMK
img/T676851C.jpg,T676851C
img/T765559C.jpg,T765559C
img/T764935C.jpg,T764935C
img/T789903C.jpg,T789903C
img/487519.jpg,487519
img/T708747C.jpg,T708747C
img/T697669C.jpg,T697669C
img/KHU4164.jpg,KHU4164
img/U77RSG.jpg,U77RSG
img/T724444C.jpg,T724444C
img/T776637C.jpg,T776637C
img/HAT1860.jpg,HAT1860
img/JCK6601.jpg,JCK6601
img/FHW6488.jpg,FHW6488
img/KXN6098.jpg,KXN6098
img/T806229C.jpg,T806229C
img/ROV3R.jpg,ROV3R
img/KZB9653.jpg,KZB9653
img/T794429C.jpg,T794429C
img/T754361C.jpg,T754361C
img/T804701C.jpg,T804701C
img/N47RMZ.jpg,N47RMZ
img/T799098C.jpg,T799098C
img/LCT3247.jpg,LCT3247
img/JDP6816.jpg,JDP6816
img/T752173C.jpg,T752173C
img/GXL6074.jpg,GXL6074
img/KEU5424.jpg,KEU5424
img/JBS1946.jpg,JBS1946
img/T715293C.jpg,T715293C
img/T698416C.jpg,T698416C
img/T791105C.jpg,T791105C
img/T783991C.jpg,T783991C
img/E25NLS.jpg,E25NLS
img/KEL6719.jpg,KEL6719
img/T772068C.jpg,T772068C
img/95306MD.jpg,95306MD
img/GDE2332.jpg,GDE2332
img/JBB9533.jpg,JBB9533
img/T473905C.jpg,T473905C
img/KJL7618.jpg,KJL7618
img/T800580C.jpg,T800580C
img/T707892C.jpg,T707892C
img/T757330C.jpg,T757330C
img/KYF8258.jpg,KYF8258
img/T101009C.jpg,T101009C
img/T627184C.jpg,T627184C
img/GRA7438.jpg,GRA7438
img/KUY5779.jpg,KUY5779
img/T3734248C.jpg,T3734248C
img/Y206804C.jpg,Y206804C
img/HWU7107.jpg,HWU7107
img/623360.jpg,623360
img/T525178C.jpg,T525178C
img/AHJ5269.jpg,AHJ5269
img/T714284C.jpg,T714284C
img/JRU4724.jpg,JRU4724
img/SUV1.jpg,SUV1
img/T622938C.jpg,T622938C
img/KAA1880.jpg,KAA1880
img/T772639C.jpg,T772639C
img/LIONBABE.jpg,LIONBABE
img/T115898C.jpg,T115898C
img/5222.jpg,5222
img/KNM5983.jpg,KNM5983
img/LFY4312.jpg,LFY4312
img/LMD5425.jpg,LMD5425
img/397817.jpg,397817
img/GJK5006.jpg,GJK5006
img/HCE2672.jpg,HCE2672
img/T731758C.jpg,T731758C
img/GCB6986.jpg,GCB6986
img/JCF1370.jpg,JCF1370
img/JKJ5558.jpg,JKJ5558
img/KHS8268.jpg,KHS8268
img/FGD6809.jpg,FGD6809
img/JPE1004.jpg,JPE1004
img/T778625C.jpg,T778625C
img/ROOK1E.jpg,ROOK1E
img/3N24A.jpg,3N24A
img/JDN6246.jpg,JDN6246
img/Y102193C.jpg,Y102193C
img/D86RFN.jpg,D86RFN
img/T785184C.jpg,T785184C
img/KPH6101.jpg,KPH6101
img/Y202578C.jpg,Y202578C
img/T673023C.jpg,T673023C
img/T739781C.jpg,T739781C
img/T775016C.jpg,T775016C
img/T753061C.jpg,T753061C
img/JEF2817.jpg,JEF2817
img/KXU7659.jpg,KXU7659
img/T730631C.jpg,T730631C
img/KZD9377.jpg,KZD9377
img/T106173C.jpg,T106173C
img/A61M68B.jpg,A61M68B
img/KZF5070.jpg,KZF5070
img/69540ND__.jpg,69540ND
img/T659870C.jpg,T659870C
img/ISTI.jpg,ISTI
img/T729113C.jpg,T729113C
img/GXE0371.jpg,GXE0371
img/DWV3416.jpg,DWV3416
img/HEE7353.jpg,HEE7353
img/T105749C.jpg,T105749C
img/T719663C.jpg,T719663C
img/JEA2738.jpg,JEA2738
img/8931.jpg,8931
img/HBB4482.jpg,HBB4482
img/U61KTU.jpg,U61KTU
img/T778560C.jpg,T778560C
img/T679443C.jpg,T679443C
img/T709589C.jpg,T709589C
img/T796395C.jpg,T796395C
img/HUY8906.jpg,HUY8906
img/F22MLD.jpg,F22MLD
img/LEG6496.jpg,LEG6496
img/T786403C.jpg,T786403C
img/506056R.jpg,506056R
img/T729646C.jpg,T729646C
img/T635854C.jpg,T635854C
img/49234NC.jpg,49234NC
img/T102274C.jpg,T102274C
img/KGR5745.jpg,KGR5745
img/T114359C.jpg,T114359C
img/J88JBZ.jpg,J88JBZ
img/KYF8300.jpg,KYF8300
img/LBT2377.jpg,LBT2377
img/T108395C.jpg,T108395C
img/Y200355C.jpg,Y200355C
img/JKC1466.jpg,JKC1466
img/HFL2044.jpg,HFL2044
img/T103561C.jpg,T103561C
img/JLT7942.jpg,JLT7942
img/T108638C.jpg,T108638C
img/KUH7770.jpg,KUH7770
img/T732159C.jpg,T732159C
img/T758206C.jpg,T758206C
img/T6865C.jpg,T6865C
img/KZF1611.jpg,KZF1611
img/KBP7301.jpg,KBP7301
img/T673756C.jpg,T673756C
img/JEF6333.jpg,JEF6333
img/Y204336C.jpg,Y204336C
img/T621030C.jpg,T621030C
img/KSH3029.jpg,KSH3029
img/KPG3362.jpg,KPG3362
img/T744194C.jpg,T744194C
img/T741142C.jpg,T741142C
img/T744710C.jpg,T744710C
img/T731610C.jpg,T731610C
img/KZY1727_.jpg,KZY1727
img/T740616C.jpg,T740616C
img/T709679C.jpg,T709679C
img/3Y61B.jpg,3Y61B
img/16682BT.jpg,16682BT
img/ERM2325.jpg,ERM2325
img/T695028C.jpg,T695028C
img/K63NRS.jpg,K63NRS
img/T735583C.jpg,T735583C
img/KFN1522.jpg,KFN1522
img/T724900C.jpg,T724900C
img/Y206258C.jpg,Y206258C
img/JGS7240.jpg,JGS7240
img/KJA8056.jpg,KJA8056
img/E1GALLO.jpg,E1GALLO
img/T77906C.jpg,T77906C
img/KMP9696.jpg,KMP9696
img/JAF57Z4.jpg,JAF57Z4
img/EXP4181.jpg,EXP4181
img/LAP9508.jpg,LAP9508
img/T795809C.jpg,T795809C
img/JHT5594.jpg,JHT5594
img/T63197C.jpg,T63197C
img/T497477C.jpg,T497477C
img/LAJ6669.jpg,LAJ6669
img/T672891C.jpg,T672891C
img/JKY8598.jpg,JKY8598
img/T675657C.jpg,T675657C
img/Z00705Z.jpg,Z00705Z
img/T788915C.jpg,T788915C
img/EMB7975.jpg,EMB7975
img/KLA8967.jpg,KLA8967
img/ECA3763.jpg,ECA3763
img/GYD5622.jpg,GYD5622
img/T472749C.jpg,T472749C
img/497519.jpg,497519
img/T676201C.jpg,T676201C
img/T644370C.jpg,T644370C
img/T103490C.jpg,T103490C
img/1C12H.jpg,1C12H
img/T733314C.jpg,T733314C
img/T806731C.jpg,T806731C
img/T753153C.jpg,T753153C
img/T757110C.jpg,T757110C
img/T788057C.jpg,T788057C
img/KUX3732.jpg,KUX3732
img/T797571C.jpg,T797571C
img/G26KPF.jpg,G26KPF
img/Y204765C.jpg,Y204765C
img/JSB8762.jpg,JSB8762
img/T771689C.jpg,T771689C
img/HJX9801.jpg,HJX9801
img/39103NB.jpg,39103NB
img/T687450C.jpg,T687450C
img/Y204732C.jpg,Y204732C
img/T732195C.jpg,T732195C
img/KDP8729.jpg,KDP8729
img/KEE7750.jpg,KEE7750
img/JHM1245_.jpg,JHM1245
img/T730501C.jpg,T730501C
img/HXA2737.jpg,HXA2737
img/XHWG57.jpg,XHWG57
img/KMG9364.jpg,KMG9364
img/KYX4988.jpg,KYX4988
img/T731717C.jpg,T731717C
img/4736A.jpg,4736A
img/T767198C.jpg,T767198C
img/92B05MM.jpg,92B05MM
img/JPM5086.jpg,JPM5086
img/T741679C.jpg,T741679C
img/CAJ5271.jpg,CAJ5271
img/T103201C.jpg,T103201C
img/T731783C.jpg,T731783C
img/KDU5981.jpg,KDU5981
img/JGM8534.jpg,JGM8534
img/T107184C.jpg,T107184C
img/97174NB.jpg,97174NB
img/T755495C.jpg,T755495C
img/T751086C.jpg,T751086C
img/B65KVH.jpg,B65KVH
img/GJC6271.jpg,GJC6271
img/Y205322C.jpg,Y205322C
img/HBT9651.jpg,HBT9651
img/KLL3028.jpg,KLL3028
img/KFF5997.jpg,KFF5997
img/JPK9217.jpg,JPK9217
img/Y208785C.jpg,Y208785C
img/T730096C.jpg,T730096C
img/T642531C.jpg,T642531C
img/17492BT.jpg,17492BT
img/T108660C.jpg,T108660C
img/521116.jpg,521116
img/KKV3590.jpg,KKV3590
img/LBZ6015.jpg,LBZ6015
img/T103647C.jpg,T103647C
img/T48NZJ.jpg,T48NZJ
img/KSY6183.jpg,KSY6183
img/N73HGA.jpg,N73HGA
img/KEL5958.jpg,KEL5958
img/JCJ1406.jpg,JCJ1406
img/UAW9874.jpg,UAW9874
img/T787821C.jpg,T787821C
img/T102758C.jpg,T102758C
img/50196MN.jpg,50196MN
img/KRW1097.jpg,KRW1097
img/JDM7905.jpg,JDM7905
img/HTK8977.jpg,HTK8977
img/LMC877.jpg,LMC877
img/JRR6557.jpg,JRR6557
img/T807154C.jpg,T807154C
img/T793842C.jpg,T793842C
img/JPV6322.jpg,JPV6322
img/KNM5141.jpg,KNM5141
img/Y206580C.jpg,Y206580C
img/T802497C.jpg,T802497C
img/EDL2970.jpg,EDL2970
img/FPJ1943.jpg,FPJ1943
img/Y201029C.jpg,Y201029C
img/T761001C.jpg,T761001C
img/KHB4297.jpg,KHB4297
img/HRZ7591.jpg,HRZ7591
img/T743023C.jpg,T743023C
img/T689511C.jpg,T689511C
img/T747826C.jpg,T747826C
img/DORA1.jpg,DORA1
img/LAF1338.jpg,LAF1338
img/Y206484C.jpg,Y206484C
img/KED2941.jpg,KED2941
img/BD67952.jpg,BD67952
img/KVZ1337.jpg,KVZ1337
img/GXE4480.jpg,GXE4480
img/FMB9037.jpg,FMB9037
img/JSE7994.jpg,JSE7994
img/T102871C.jpg,T102871C
img/T108969C.jpg,T108969C
img/T803551C.jpg,T803551C
img/HZR9703.jpg,HZR9703
img/R36JLH.jpg,R36JLH
img/HCS7165.jpg,HCS7165
img/Y205683C.jpg,Y205683C
img/JRZ7672.jpg,JRZ7672
img/AX905A.jpg,AX905A
img/12013NR.jpg,12013NR
img/T104659C.jpg,T104659C
img/8928.jpg,8928
img/JAD7299.jpg,JAD7299
img/T747298C.jpg,T747298C
img/26LBI.jpg,26LBI
img/KPR2927.jpg,KPR2927
img/JFW9323.jpg,JFW9323
img/T105224C.jpg,T105224C
img/8733.jpg,8733
img/P45MYE.jpg,P45MYE
img/T420489C.jpg,T420489C
img/72602ND_.jpg,72602ND
img/T756535C.jpg,T756535C
img/U48LWL.jpg,U48LWL
img/Z90PBM.jpg,Z90PBM
img/T764278C.jpg,T764278C
img/T780829C.jpg,T780829C
img/Y206778C.jpg,Y206778C
img/T795778C.jpg,T795778C
img/KXC1709.jpg,KXC1709
img/19896ML.jpg,19896ML
img/3A62A.jpg,3A62A
img/CPY9429.jpg,CPY9429
img/KNM8672.jpg,KNM8672
img/JJL8583.jpg,JJL8583
img/LSB7087.jpg,LSB7087
img/T769558C.jpg,T769558C
img/T662098C.jpg,T662098C
img/T802269C.jpg,T802269C
img/2E69C.jpg,2E69C
img/JMK7691.jpg,JMK7691
img/8482.jpg,8482
img/T709821C.jpg,T709821C
img/VG131.jpg,VG131
img/T714655C.jpg,T714655C
img/433918.jpg,433918
img/T799131C.jpg,T799131C
img/T791151C.jpg,T791151C
img/T806338C.jpg,T806338C
img/T683465C.jpg,T683465C
img/JMG9117.jpg,JMG9117
img/LAA3350.jpg,LAA3350
img/KMM2122.jpg,KMM2122
img/T757325C.jpg,T757325C
img/JGP3266.jpg,JGP3266
img/T601762C.jpg,T601762C
img/T100924C.jpg,T100924C
img/KSY5076.jpg,KSY5076
img/X95RPZ.jpg,X95RPZ
img/GNT4618.jpg,GNT4618
img/T714028C.jpg,T714028C
img/T105360C.jpg,T105360C
img/04700.jpg,04700
img/T643442C.jpg,T643442C
img/KNL8934.jpg,KNL8934
img/HHA6572.jpg,HHA6572
img/T731624C.jpg,T731624C
img/ELL6996.jpg,ELL6996
img/KFR8043.jpg,KFR8043
img/Z82NHN.jpg,Z82NHN
img/Y204705C.jpg,Y204705C
img/T741930C.jpg,T741930C
img/HDX5205.jpg,HDX5205
img/KPT4867.jpg,KPT4867
img/MDSAMIA.jpg,MDSAMIA
img/GEK4308.jpg,GEK4308
img/KKE8478.jpg,KKE8478
img/T611723C.jpg,T611723C
img/KPJ5673.jpg,KPJ5673
img/T780687C.jpg,T780687C
img/LDY5292.jpg,LDY5292
img/0L7857K.jpg,0L7857K
img/T746918C.jpg,T746918C
img/JDL4835.jpg,JDL4835
img/T786753C.jpg,T786753C
img/JLP2350.jpg,JLP2350
img/LCK6386.jpg,LCK6386
img/JLF4782.jpg,JLF4782
img/L99STC.jpg,L99STC
img/HFS8259.jpg,HFS8259
img/69540ND.jpg,69540ND
img/KDR9694.jpg,KDR9694
img/T109011C.jpg,T109011C
img/LAN1064.jpg,LAN1064
img/T713145C.jpg,T713145C
img/XLJX79.jpg,XLJX79
img/Y200269C.jpg,Y200269C
img/KRK7813.jpg,KRK7813
img/8859.jpg,8859
img/MBD5251.jpg,MBD5251
img/T760884C.jpg,T760884C
img/V33SAN.jpg,V33SAN
img/JHM1245.jpg,JHM1245
img/Y203629C.jpg,Y203629C
img/HYA6436.jpg,HYA6436
img/T717110C.jpg,T717110C
img/LAG8080.jpg,LAG8080
img/Z95MAN.jpg,Z95MAN
img/KJW1409.jpg,KJW1409
img/T680770C.jpg,T680770C
img/FTB2463.jpg,FTB2463
img/823615.jpg,823615
img/T754460C.jpg,T754460C
img/HFD3037.jpg,HFD3037
img/JFZ4219.jpg,JFZ4219
img/T108266C.jpg,T108266C
img/XFUS90.jpg,XFUS90
img/JGZ9065.jpg,JGZ9065
img/E60LYL.jpg,E60LYL
img/KZY1727.jpg,KZY1727
img/HMV6697.jpg,HMV6697
img/KLT6765.jpg,KLT6765
img/T742193C.jpg,T742193C
img/T769369C.jpg,T769369C
img/T684744C.jpg,T684744C
img/KJM9763.jpg,KJM9763
img/KYC7343.jpg,KYC7343
img/T434202C.jpg,T434202C
img/99958MM.jpg,99958MM
img/T804866C.jpg,T804866C
img/EGR4705.jpg,EGR4705
img/GRT4116.jpg,GRT4116
img/KNP1657.jpg,KNP1657
img/T745197C.jpg,T745197C
img/H57NNH.jpg,H57NNH
img/T111006C.jpg,T111006C
img/T75915C.jpg,T75915C
img/5F50H.jpg,5F50H
img/T754456C.jpg,T754456C
img/AY513C.jpg,AY513C
img/T101790C.jpg,T101790C
img/HMW3107.jpg,HMW3107
img/LCU8536.jpg,LCU8536
img/T430191C.jpg,T430191C
img/S83PNZ.jpg,S83PNZ
img/T725329C.jpg,T725329C
img/T646135C.jpg,T646135C
img/T793463C.jpg,T793463C
img/T797135C.jpg,T797135C
img/KHY3542.jpg,KHY3542
img/Z007537.jpg,Z007537
img/T733615C.jpg,T733615C
img/KFX1205.jpg,KFX1205
img/KER6758.jpg,KER6758
img/Y203166C.jpg,Y203166C
img/T130262C.jpg,T130262C
img/LRC5254.jpg,LRC5254
img/T781130C.jpg,T781130C
img/54843ML.jpg,54843ML
img/T121865C.jpg,T121865C
img/T731346C.jpg,T731346C
img/T788203C.jpg,T788203C
img/EVM1410.jpg,EVM1410
img/Y202472C.jpg,Y202472C
img/T732497C.jpg,T732497C
img/T644173C.jpg,T644173C
img/KWN5379.jpg,KWN5379
img/T770021C.jpg,T770021C
img/T686169C.jpg,T686169C
img/JWC7843.jpg,JWC7843
img/MLBNYC.jpg,MLBNYC
img/T788583C.jpg,T788583C
img/LLW9296.jpg,LLW9296
img/T761372C.jpg,T761372C
img/EWS4526.jpg,EWS4526
img/NVT5720.jpg,NVT5720
img/KPL7624.jpg,KPL7624
img/FSC6855.jpg,FSC6855
img/7002.jpg,7002
img/BA25114.jpg,BA25114
img/KZU6236.jpg,KZU6236
img/74192MK.jpg,74192MK
img/7P70M.jpg,7P70M
img/T750920C.jpg,T750920C
img/69874MN.jpg,69874MN
img/T704384C.jpg,T704384C
img/85830MC.jpg,85830MC
img/JPW1602.jpg,JPW1602
img/HYS9669.jpg,HYS9669
img/3A44B.jpg,3A44B
img/JHG1068.jpg,JHG1068
img/4P38B.jpg,4P38B
img/R70NLS.jpg,R70NLS
img/KKJ3297.jpg,KKJ3297
img/HEB7155.jpg,HEB7155
img/T689452C.jpg,T689452C
img/T804380C.jpg,T804380C
img/HAX6987.jpg,HAX6987
img/T792890C.jpg,T792890C
img/S44PEK.jpg,S44PEK
img/T744021C.jpg,T744021C
img/KKP8031.jpg,KKP8031
img/AX631P.jpg,AX631P
img/T125084C.jpg,T125084C
img/44673NB.jpg,44673NB
img/T101758C.jpg,T101758C
img/JGN3259.jpg,JGN3259
img/T699956C.jpg,T699956C
img/621279.jpg,621279
img/T775510C.jpg,T775510C
img/18065JW.jpg,18065JW
img/65836MN.jpg,65836MN
img/T780614C.jpg,T780614C
img/T717087C.jpg,T717087C
img/HHY1676.jpg,HHY1676
img/T784207C.jpg,T784207C
img/JCU6433.jpg,JCU6433
img/Y201916C.jpg,Y201916C
img/KVC3999_.jpg,KVC3999
img/JLR2542.jpg,JLR2542
img/T802413C.jpg,T802413C
img/T785787C.jpg,T785787C
img/T432518C.jpg,T432518C
img/JJN7110.jpg,JJN7110
img/KFP1072.jpg,KFP1072
img/FYN9842.jpg,FYN9842
img/GYH4763.jpg,GYH4763
img/KYP7229.jpg,KYP7229
img/LCR9592.jpg,LCR9592
img/T728443C.jpg,T728443C
img/T682766C.jpg,T682766C
img/T739069C.jpg,T739069C
img/T690833C.jpg,T690833C
img/GGR8279.jpg,GGR8279
img/T675023C.jpg,T675023C
img/KNR6714.jpg,KNR6714
img/T672565C.jpg,T672565C
img/T795683C.jpg,T795683C
img/T752229C.jpg,T752229C
img/JJH7584.jpg,JJH7584
img/T766776C.jpg,T766776C
img/X83PRR.jpg,X83PRR
img/T108426C.jpg,T108426C
img/HFE6313.jpg,HFE6313
img/KHF7905.jpg,KHF7905
img/KER5340.jpg,KER5340
img/KBB1827.jpg,KBB1827
img/T107415C.jpg,T107415C
img/ANASCAR5.jpg,ANASCAR5
img/FPY6367.jpg,FPY6367
img/KXC1709_.jpg,KXC1709
img/KEN5141.jpg,KEN5141
img/EAF2013.jpg,EAF2013
img/JJT9958.jpg,JJT9958
img/Y202176C.jpg,Y202176C
img/T764823C.jpg,T764823C
img/T775224C.jpg,T775224C
img/892913.jpg,892913
img/HXE3051.jpg,HXE3051
img/KNM8572.jpg,KNM8572
img/T680690C.jpg,T680690C
img/FXA1719.jpg,FXA1719
img/KJH9247.jpg,KJH9247
img/1PHA58.jpg,1PHA58
img/T636861C.jpg,T636861C
img/Y611GY.jpg,Y611GY
img/T781475C.jpg,T781475C
img/KEH5702.jpg,KEH5702
img/T103769C.jpg,T103769C
img/T804764C.jpg,T804764C
img/T105594C.jpg,T105594C
img/T111187C.jpg,T111187C
img/KZA8235.jpg,KZA8235
img/LFV4539.jpg,LFV4539
img/BVS7827.jpg,BVS7827
img/LTB250.jpg,LTB250
img/JNB9304.jpg,JNB9304
img/T770270C.jpg,T770270C
img/T716049C.jpg,T716049C
img/KYP5993.jpg,KYP5993
img/KHF3343.jpg,KHF3343
img/27781NB.jpg,27781NB
img/T729970C.jpg,T729970C
img/T520535C.jpg,T520535C
img/CUW7823.jpg,CUW7823
img/KHA4134.jpg,KHA4134
img/T769682C.jpg,T769682C
img/KZW6906.jpg,KZW6906
img/HUV5416.jpg,HUV5416
img/T723429C.jpg,T723429C
img/KEP1963.jpg,KEP1963
img/GXS7000.jpg,GXS7000
img/D62DEJ.jpg,D62DEJ
img/KYJ4771.jpg,KYJ4771
img/GPD2777.jpg,GPD2777
img/GWT3367.jpg,GWT3367
img/LAN6619.jpg,LAN6619
img/T693747C.jpg,T693747C
img/9T64H.jpg,9T64H
img/T796762C.jpg,T796762C
img/T741645C.jpg,T741645C
img/T771359C.jpg,T771359C
img/Y203032C.jpg,Y203032C
img/T743855C.jpg,T743855C
img/LAR2124.jpg,LAR2124
img/KYR6964.jpg,KYR6964
img/T124924C.jpg,T124924C
img/KZX6203.jpg,KZX6203
img/72602ND.jpg,72602ND
img/JRG7575.jpg,JRG7575
img/JLN7758.jpg,JLN7758
img/T111411C.jpg,T111411C
img/T727979C.jpg,T727979C
img/T665307C.jpg,T665307C
img/XLBN12.jpg,XLBN12
img/Y203526C.jpg,Y203526C
img/KYR5716.jpg,KYR5716
img/TKV900.jpg,TKV900
img/X68PCK.jpg,X68PCK
img/JRD5919.jpg,JRD5919
img/MFT3679.jpg,MFT3679
img/T703572C.jpg,T703572C
img/T793074C.jpg,T793074C
img/M89NSF.jpg,M89NSF
img/LRL8031.jpg,LRL8031
img/T671893C.jpg,T671893C
img/T791225C.jpg,T791225C
img/2W45A.jpg,2W45A
img/Y206266C.jpg,Y206266C
img/JPU2036.jpg,JPU2036
img/Y103174C.jpg,Y103174C
img/T671256C.jpg,T671256C
img/KPJ5673_.jpg,KPJ5673
img/T677117C.jpg,T677117C
img/T745304C.jpg,T745304C
img/F99NEZ.jpg,F99NEZ
img/FGD6809_.jpg,FGD6809
img/T712230C.jpg,T712230C
img/KMR4962.jpg,KMR4962
img/Y203619C.jpg,Y203619C
img/J10BYB.jpg,J10BYB
img/T690347C.jpg,T690347C
img/KRH7408.jpg,KRH7408
img/T668935C.jpg,T668935C
img/C79HMA.jpg,C79HMA
img/Y207123C.jpg,Y207123C
img/HRF1387.jpg,HRF1387
img/T101493C.jpg,T101493C
img/T764863C.jpg,T764863C
img/JJD1510.jpg,JJD1510
img/HNB2377.jpg,HNB2377
img/KRH9342.jpg,KRH9342
img/JBZ6711.jpg,JBZ6711
img/Y20990C.jpg,Y20990C
img/T755902C.jpg,T755902C
img/T688649C.jpg,T688649C
img/DBU3787.jpg,DBU3787
img/KPG1496.jpg,KPG1496
img/JFP3199.jpg,JFP3199
img/Y202024C.jpg,Y202024C
img/EKP8767.jpg,EKP8767
img/60298NB.jpg,60298NB
img/KEU7329.jpg,KEU7329
img/T796427C.jpg,T796427C
img/HMX8288.jpg,HMX8288
img/7M69H.jpg,7M69H
img/T680668C.jpg,T680668C
img/T101201C.jpg,T101201C
img/T640065C.jpg,T640065C
img/ACD2461.jpg,ACD2461
img/KNC6083.jpg,KNC6083
img/T804773C.jpg,T804773C
img/T735600C.jpg,T735600C
img/T59SAN.jpg,T59SAN
img/Y201901C.jpg,Y201901C
img/T771929C.jpg,T771929C
img/HAK2586.jpg,HAK2586
img/XJHR90.jpg,XJHR90
img/T698628C.jpg,T698628C
img/T794705C.jpg,T794705C
img/T722331C.jpg,T722331C
img/XLAK18.jpg,XLAK18
img/HMA7955.jpg,HMA7955
img/T739316C.jpg,T739316C
img/A53CBZ.jpg,A53CBZ
img/LAR6147.jpg,LAR6147
img/2483.jpg,2483
img/GGB5608.jpg,GGB5608
img/XGRL10.jpg,XGRL10
img/JLA9913.jpg,JLA9913
img/24496MH.jpg,24496MH
img/8780.jpg,8780
img/86113MM.jpg,86113MM
img/T685722C.jpg,T685722C
img/T747620C.jpg,T747620C
img/Y200310C.jpg,Y200310C
img/Y200890C.jpg,Y200890C
img/HWP3248.jpg,HWP3248
img/KHE7786.jpg,KHE7786
img/GMR2785.jpg,GMR2785
img/T804786C.jpg,T804786C
img/KYN2332.jpg,KYN2332
img/JEB5473.jpg,JEB5473
img/Y205755C.jpg,Y205755C
img/T762112C.jpg,T762112C
img/GZR2060.jpg,GZR2060
img/KUT2716.jpg,KUT2716
img/KYT4513.jpg,KYT4513
img/KVW2484.jpg,KVW2484
img/GUW2931.jpg,GUW2931
img/KLE2151.jpg,KLE2151
img/KWG6412.jpg,KWG6412
img/T715078C.jpg,T715078C
img/T80524C.jpg,T80524C
img/JHV6131.jpg,JHV6131
img/KLY8325.jpg,KLY8325
img/KGN5673.jpg,KGN5673
img/JNX6315.jpg,JNX6315
img/HYB5739.jpg,HYB5739
img/JES3426.jpg,JES3426
img/T744574C.jpg,T744574C
img/T702744C.jpg,T702744C
img/HXF8375.jpg,HXF8375
img/KVT3275.jpg,KVT3275
img/GXW7146.jpg,GXW7146
img/T743989C.jpg,T743989C
img/T114408C.jpg,T114408C
img/G10PWS.jpg,G10PWS
img/T790697C.jpg,T790697C
img/CKF7632.jpg,CKF7632
img/N79MNZ.jpg,N79MNZ
img/G3TU1.jpg,G3TU1
img/Y205606C.jpg,Y205606C
